Designator,Footprint,Quantity,Value,,Price ,link,,,
"C2, C4",CP_Radial_D10.0mm_P5.00mm,2,470uf,,€,aliexpress ,,,
C3,C_Disc_D8.0mm_W5.0mm_P5.00mm,1,104,,0.02€ /ks,tme,,,
F1,Fuseholder_Clip-5x20mm_Schurter_CQM_Inline_P20.60x5.00mm_D1.00mm_Horizontal,1,Fuse,,€,aliexpress ,,,
J1,"TerminalBlock_Phoenix_MPT-0,5-2-2.54_1x02_P2.54mm_Horizontal",1,Screw_Terminal_01x02,,0.20 €,Techfun ,,,
R1,R_Axial_DIN0309_L9.0mm_D3.2mm_P12.70mm_Horizontal,1,around 100,,?,aliexpress ,,,
U1,DIP794W45P254L1930H508Q14,1,SN74AHCT125N,,0.85 €,farnell,,,
U2,MODULE_DEVKIT_V1_ESP32-WROOM-32,1,ESP32-DEVKIT-V1,,5.44 €,Allegro,,,
,,,,,,,,,
,,,,,,,,,
,,,,,,,,,
,,,,,,,,,
,,,,,,,,,
